metric_date,resting_heart_rate,avg_heart_rate,max_heart_rate,body_battery_high,body_battery_low,avg_stress_level,total_steps,sleep_duration_hours,deep_sleep_hours,deep_sleep_pct,light_sleep_hours,light_sleep_pct,rem_sleep_hours,rem_sleep_pct,exercise_period,day_name
2025-03-13,,0.0,,,,,,,,,,,,,with_crossfit,Thu
2025-03-14,,0.0,,,,,,,,,,,,,with_crossfit,Fri
2025-03-15,,0.0,,,,,,,,,,,,,with_crossfit,Sat
2025-03-16,,0.0,,,,,,,,,,,,,with_crossfit,Sun
2025-03-17,,0.0,,,,,,,,,,,,,with_crossfit,Mon
2025-03-18,,0.0,,,,,,,,,,,,,with_crossfit,Tue
2025-03-19,,0.0,,,,,,,,,,,,,with_crossfit,Wed
2025-03-20,,0.0,,,,,,,,,,,,,with_crossfit,Thu
2025-03-21,,0.0,,,,,,,,,,,,,with_crossfit,Fri
2025-03-22,,0.0,,,,,,,,,,,,,with_crossfit,Sat
2025-03-23,,0.0,,,,,,,,,,,,,with_crossfit,Sun
2025-03-24,,0.0,,,,,,,,,,,,,with_crossfit,Mon
2025-03-25,,0.0,,,,,,,,,,,,,with_crossfit,Tue
2025-03-26,,0.0,,,,,,,,,,,,,with_crossfit,Wed
2025-03-27,,0.0,,,,,,,,,,,,,with_crossfit,Thu
2025-03-28,,0.0,,,,,,,,,,,,,with_crossfit,Fri
2025-03-29,,0.0,,,,,,,,,,,,,with_crossfit,Sat
2025-03-30,,0.0,,,,,,,,,,,,,with_crossfit,Sun
2025-03-31,,0.0,,,,,,,,,,,,,with_crossfit,Mon
2025-04-01,,0.0,,,,,,,,,,,,,with_crossfit,Tue
2025-04-02,,0.0,,,,,,,,,,,,,with_crossfit,Wed
2025-04-03,,0.0,,,,,,,,,,,,,with_crossfit,Thu
2025-04-04,,0.0,,,,,,,,,,,,,with_crossfit,Fri
2025-04-05,,0.0,,,,,,,,,,,,,with_crossfit,Sat
2025-04-06,,0.0,,,,,,,,,,,,,with_crossfit,Sun
2025-04-07,,0.0,,,,,,,,,,,,,with_crossfit,Mon
2025-04-08,,0.0,,,,,,,,,,,,,with_crossfit,Tue
2025-04-09,,0.0,,,,,,,,,,,,,with_crossfit,Wed
2025-04-10,,0.0,,,,,,,,,,,,,with_crossfit,Thu
2025-04-11,,0.0,,,,,,,,,,,,,with_crossfit,Fri
2025-04-12,,0.0,,,,,,,,,,,,,with_crossfit,Sat
2025-04-13,,0.0,,,,,,,,,,,,,with_crossfit,Sun
2025-04-14,,0.0,,,,,,,,,,,,,with_crossfit,Mon
2025-04-15,,0.0,,,,,,,,,,,,,with_crossfit,Tue
2025-04-16,,0.0,,,,,,,,,,,,,with_crossfit,Wed
2025-04-17,,0.0,,,,,,,,,,,,,with_crossfit,Thu
2025-04-18,,0.0,,,,,,,,,,,,,with_crossfit,Fri
2025-04-19,,0.0,,,,,,,,,,,,,with_crossfit,Sat
2025-04-20,,0.0,,,,,,,,,,,,,with_crossfit,Sun
2025-04-21,,0.0,,,,,,,,,,,,,with_crossfit,Mon
2025-04-22,,0.0,,,,,,,,,,,,,with_crossfit,Tue
2025-04-23,,0.0,,,,,,,,,,,,,with_crossfit,Wed
2025-04-24,,0.0,,,,,,,,,,,,,with_crossfit,Thu
2025-04-25,,0.0,,,,,,,,,,,,,with_crossfit,Fri
2025-04-26,,0.0,,,,,,,,,,,,,with_crossfit,Sat
2025-04-27,,0.0,,,,,,,,,,,,,with_crossfit,Sun
2025-04-28,,0.0,,,,,,,,,,,,,with_crossfit,Mon
2025-04-29,,0.0,,,,,,,,,,,,,with_crossfit,Tue
2025-04-30,,0.0,,,,,,,,,,,,,with_crossfit,Wed
2025-05-01,,0.0,,,,,,,,,,,,,with_crossfit,Thu
2025-05-02,,0.0,,,,,,,,,,,,,with_crossfit,Fri
2025-05-03,,0.0,,,,,,,,,,,,,with_crossfit,Sat
2025-05-04,,0.0,,,,,,,,,,,,,with_crossfit,Sun
2025-05-05,,0.0,,,,,,,,,,,,,with_crossfit,Mon
2025-05-06,,0.0,,,,,,,,,,,,,with_crossfit,Tue
2025-05-07,,0.0,,,,,,,,,,,,,with_crossfit,Wed
2025-05-08,,0.0,,,,,,,,,,,,,with_crossfit,Thu
2025-05-09,,0.0,,,,,,,,,,,,,with_crossfit,Fri
2025-05-10,,0.0,,,,,,,,,,,,,with_crossfit,Sat
2025-05-11,,0.0,,,,,,,,,,,,,with_crossfit,Sun
2025-05-12,,0.0,,,,,,,,,,,,,with_crossfit,Mon
2025-05-13,,0.0,,,,,,,,,,,,,with_crossfit,Tue
2025-05-14,,0.0,,,,,,,,,,,,,with_crossfit,Wed
2025-05-15,,0.0,,,,,,,,,,,,,with_crossfit,Thu
2025-05-16,,0.0,,,,,,,,,,,,,with_crossfit,Fri
2025-05-17,,0.0,,,,,,,,,,,,,with_crossfit,Sat
2025-05-18,,0.0,,,,,,,,,,,,,with_crossfit,Sun
2025-05-19,,0.0,,,,,,,,,,,,,with_crossfit,Mon
2025-05-20,,0.0,,,,,,,,,,,,,with_crossfit,Tue
2025-05-21,,0.0,,,,,,,,,,,,,with_crossfit,Wed
2025-05-22,,0.0,,,,,,,,,,,,,with_crossfit,Thu
2025-05-23,,0.0,,,,,,,,,,,,,with_crossfit,Fri
2025-05-24,,0.0,,,,,,,,,,,,,with_crossfit,Sat
2025-05-25,,0.0,,,,,,,,,,,,,with_crossfit,Sun
2025-05-26,,0.0,,,,,,,,,,,,,with_crossfit,Mon
2025-05-27,,0.0,,,,,,,,,,,,,with_crossfit,Tue
2025-05-28,,0.0,,,,,,,,,,,,,with_crossfit,Wed
2025-05-29,,0.0,,,,,,,,,,,,,with_crossfit,Thu
2025-05-30,,0.0,,,,,,,,,,,,,with_crossfit,Fri
2025-05-31,,0.0,,,,,,,,,,,,,with_crossfit,Sat
2025-06-01,,0.0,,,,,,,,,,,,,with_crossfit,Sun
2025-06-02,,0.0,,,,,,,,,,,,,with_crossfit,Mon
2025-06-03,,0.0,,,,,,,,,,,,,with_crossfit,Tue
2025-06-04,,0.0,,,,,,,,,,,,,with_crossfit,Wed
2025-06-05,,0.0,,,,,,,,,,,,,with_crossfit,Thu
2025-06-06,,0.0,,,,,,,,,,,,,with_crossfit,Fri
2025-06-07,,0.0,,,,,,,,,,,,,with_crossfit,Sat
2025-06-08,,0.0,,,,,,,,,,,,,with_crossfit,Sun
2025-06-09,,0.0,,,,,,,,,,,,,with_crossfit,Mon
2025-06-10,,0.0,,,,,,,,,,,,,with_crossfit,Tue
2025-06-11,,0.0,,,,,,,,,,,,,with_crossfit,Wed
2025-06-12,,0.0,,,,,,,,,,,,,with_crossfit,Thu
2025-06-13,,0.0,,,,,,,,,,,,,with_crossfit,Fri
2025-06-14,,0.0,,,,,,,,,,,,,with_crossfit,Sat
2025-06-15,,0.0,,,,,,,,,,,,,with_crossfit,Sun
2025-06-16,,0.0,,,,,,,,,,,,,with_crossfit,Mon
2025-06-17,,0.0,,,,,,,,,,,,,with_crossfit,Tue
2025-06-18,,0.0,,,,,,,,,,,,,with_crossfit,Wed
2025-06-19,,0.0,,,,,,,,,,,,,with_crossfit,Thu
2025-06-20,,0.0,,,,,,,,,,,,,with_crossfit,Fri
2025-06-21,,0.0,,,,,,,,,,,,,with_crossfit,Sat
2025-06-22,,0.0,,,,,,,,,,,,,with_crossfit,Sun
2025-06-23,,0.0,,,,,,,,,,,,,with_crossfit,Mon
2025-06-24,,0.0,,,,,,,,,,,,,with_crossfit,Tue
2025-06-25,,0.0,,,,,,,,,,,,,with_crossfit,Wed
2025-06-26,,0.0,,,,,,,,,,,,,with_crossfit,Thu
2025-06-27,,0.0,,,,,,,,,,,,,with_crossfit,Fri
2025-06-28,,0.0,,,,,,,,,,,,,with_crossfit,Sat
2025-06-29,,0.0,,,,,,,,,,,,,with_crossfit,Sun
2025-06-30,,0.0,,,,,,,,,,,,,with_crossfit,Mon
2025-07-01,,0.0,,,,,,,,,,,,,with_crossfit,Tue
2025-07-02,,0.0,,,,,,,,,,,,,with_crossfit,Wed
2025-07-03,,0.0,,,,,,,,,,,,,with_crossfit,Thu
2025-07-04,,0.0,,,,,,,,,,,,,with_crossfit,Fri
2025-07-05,,0.0,,,,,,,,,,,,,with_crossfit,Sat
2025-07-06,,0.0,,,,,,,,,,,,,with_crossfit,Sun
2025-07-07,,0.0,,,,,,,,,,,,,with_crossfit,Mon
2025-07-08,,0.0,,,,,,,,,,,,,with_crossfit,Tue
2025-07-09,,0.0,,,,,,,,,,,,,with_crossfit,Wed
2025-07-10,,0.0,,,,,,,,,,,,,with_crossfit,Thu
2025-07-11,,0.0,,,,,,,,,,,,,with_crossfit,Fri
2025-07-12,,0.0,,,,,,,,,,,,,with_crossfit,Sat
2025-07-13,,0.0,,,,,,,,,,,,,with_crossfit,Sun
2025-07-14,,0.0,,,,,,,,,,,,,with_crossfit,Mon
2025-07-15,,0.0,,,,,,,,,,,,,with_crossfit,Tue
2025-07-16,,0.0,,,,,,,,,,,,,with_crossfit,Wed
2025-07-17,,0.0,,,,,,,,,,,,,with_crossfit,Thu
2025-07-18,,0.0,,,,,,,,,,,,,with_crossfit,Fri
2025-07-19,,0.0,,,,,,,,,,,,,with_crossfit,Sat
2025-07-20,,0.0,,,,,,,,,,,,,with_crossfit,Sun
2025-07-21,,0.0,,,,,,,,,,,,,with_crossfit,Mon
2025-07-22,,0.0,,,,,,,,,,,,,with_crossfit,Tue
2025-07-23,,0.0,,,,,,,,,,,,,with_crossfit,Wed
2025-07-24,,0.0,,,,,,,,,,,,,with_crossfit,Thu
2025-07-25,,0.0,,,,,,,,,,,,,with_crossfit,Fri
2025-07-26,,0.0,,,,,,,,,,,,,with_crossfit,Sat
2025-07-27,,0.0,,,,,,,,,,,,,with_crossfit,Sun
2025-07-28,,0.0,,,,,,,,,,,,,with_crossfit,Mon
2025-07-29,,0.0,,,,,,,,,,,,,with_crossfit,Tue
2025-07-30,,0.0,,,,,,,,,,,,,with_crossfit,Wed
2025-07-31,,0.0,,,,,,,,,,,,,with_crossfit,Thu
2025-08-01,,0.0,,,,,,,,,,,,,with_crossfit,Fri
2025-08-02,,0.0,,,,,,,,,,,,,with_crossfit,Sat
2025-08-03,,0.0,,,,,,,,,,,,,with_crossfit,Sun
2025-08-04,,0.0,,,,,,,,,,,,,with_crossfit,Mon
2025-08-05,,0.0,,,,,,,,,,,,,with_crossfit,Tue
2025-08-06,,0.0,,,,,,,,,,,,,with_crossfit,Wed
2025-08-07,,0.0,,,,,,,,,,,,,with_crossfit,Thu
2025-08-08,,0.0,,,,,,,,,,,,,with_crossfit,Fri
2025-08-09,,0.0,,,,,,,,,,,,,with_crossfit,Sat
2025-08-10,,0.0,,,,,,,,,,,,,with_crossfit,Sun
2025-08-11,,0.0,,,,,,,,,,,,,with_crossfit,Mon
2025-08-12,,0.0,,,,,,,,,,,,,with_crossfit,Tue
2025-08-13,,0.0,,,,,,,,,,,,,with_crossfit,Wed
2025-08-14,,0.0,,,,,,,,,,,,,with_crossfit,Thu
2025-08-15,,0.0,,,,,,,,,,,,,with_crossfit,Fri
2025-08-16,,0.0,,,,,,,,,,,,,with_crossfit,Sat
2025-08-17,,0.0,,,,,,,,,,,,,with_crossfit,Sun
2025-08-18,,0.0,,,,,,,,,,,,,with_crossfit,Mon
2025-08-19,,0.0,,,,,,,,,,,,,with_crossfit,Tue
2025-08-20,,0.0,,,,,,,,,,,,,with_crossfit,Wed
2025-08-21,,0.0,,,,,,,,,,,,,with_crossfit,Thu
2025-08-22,,0.0,,,,,,,,,,,,,with_crossfit,Fri
2025-08-23,,0.0,,,,,,,,,,,,,with_crossfit,Sat
2025-08-24,,0.0,,,,,,,,,,,,,with_crossfit,Sun
2025-08-25,,0.0,,,,,,,,,,,,,with_crossfit,Mon
2025-08-26,,0.0,,,,,,,,,,,,,with_crossfit,Tue
2025-08-27,,0.0,,,,,,,,,,,,,with_crossfit,Wed
2025-08-28,,0.0,,,,,,,,,,,,,with_crossfit,Thu
2025-08-29,,0.0,,,,,,,,,,,,,with_crossfit,Fri
2025-08-30,,0.0,,,,,,,,,,,,,with_crossfit,Sat
2025-08-31,,0.0,,,,,,,,,,,,,with_crossfit,Sun
2025-09-01,,0.0,,,,,,,,,,,,,with_crossfit,Mon
2025-09-02,,0.0,,,,,,,,,,,,,with_crossfit,Tue
2025-09-03,,0.0,,,,,,,,,,,,,with_crossfit,Wed
2025-09-04,,0.0,,,,,,,,,,,,,with_crossfit,Thu
2025-09-05,,0.0,,,,,,,,,,,,,with_crossfit,Fri
2025-09-06,,0.0,,,,,,,,,,,,,with_crossfit,Sat
2025-09-07,,0.0,,,,,,,,,,,,,with_crossfit,Sun
2025-09-08,,0.0,,,,,,,,,,,,,with_crossfit,Mon
2025-09-09,,0.0,,,,,,,,,,,,,with_crossfit,Tue
2025-09-10,,0.0,,,,,,,,,,,,,with_crossfit,Wed
2025-09-11,,0.0,,,,,,,,,,,,,with_crossfit,Thu
2025-09-12,,0.0,,,,,,,,,,,,,with_crossfit,Fri
2025-09-13,,0.0,,,,,,,,,,,,,with_crossfit,Sat
2025-09-14,,0.0,,,,,,,,,,,,,with_crossfit,Sun
2025-09-15,,0.0,,,,,,,,,,,,,with_crossfit,Mon
2025-09-16,,0.0,,,,,,,,,,,,,with_crossfit,Tue
2025-09-17,,0.0,,,,,,,,,,,,,with_crossfit,Wed
2025-09-18,,0.0,,,,,,,,,,,,,with_crossfit,Thu
2025-09-19,,0.0,,,,,,,,,,,,,with_crossfit,Fri
2025-09-20,,0.0,,,,,,,,,,,,,with_crossfit,Sat
2025-09-21,,0.0,,,,,,,,,,,,,with_crossfit,Sun
2025-09-22,,0.0,,,,,,,,,,,,,with_crossfit,Mon
2025-09-23,,0.0,,,,,,,,,,,,,with_crossfit,Tue
2025-09-24,,0.0,,,,,,,,,,,,,with_crossfit,Wed
2025-09-25,,0.0,,,,,,,,,,,,,with_crossfit,Thu
2025-09-26,,0.0,,,,,,,,,,,,,with_crossfit,Fri
2025-09-27,,0.0,,,,,,,,,,,,,with_crossfit,Sat
2025-09-28,,0.0,,,,,,,,,,,,,with_crossfit,Sun
2025-09-29,,0.0,,,,,,,,,,,,,with_crossfit,Mon
2025-09-30,,0.0,,,,,,,,,,,,,with_crossfit,Tue
2025-10-01,,0.0,,,,,,,,,,,,,with_crossfit,Wed
2025-10-02,,0.0,,,,,,,,,,,,,with_crossfit,Thu
2025-10-03,,0.0,,,,,,,,,,,,,with_crossfit,Fri
2025-10-04,,0.0,,,,,,,,,,,,,with_crossfit,Sat
2025-10-05,,0.0,,,,,,,,,,,,,with_crossfit,Sun
2025-10-06,,0.0,,,,,,,,,,,,,with_crossfit,Mon
2025-10-07,,0.0,,,,,,,,,,,,,with_crossfit,Tue
2025-10-08,,0.0,,,,,,,,,,,,,with_crossfit,Wed
2025-10-09,,0.0,,,,,,,,,,,,,with_crossfit,Thu
2025-10-10,,0.0,,,,,,,,,,,,,with_crossfit,Fri
2025-10-11,,0.0,,,,,,,,,,,,,with_crossfit,Sat
2025-10-12,,0.0,,,,,,,,,,,,,with_crossfit,Sun
2025-10-13,,0.0,,,,,,,,,,,,,with_crossfit,Mon
2025-10-14,,0.0,,,,,,,,,,,,,with_crossfit,Tue
2025-10-15,,0.0,,,,,,,,,,,,,with_crossfit,Wed
2025-10-16,,0.0,,,,,,,,,,,,,with_crossfit,Thu
2025-10-17,,0.0,,,,,,,,,,,,,with_crossfit,Fri
2025-10-18,67,0.0,,18,5,50,6367,,,,,,,,with_crossfit,Sat
2025-10-19,54,0.0,,95,16,29,4396,10.1,1.8,18.0,5.8,57.0,2.5,25.0,with_crossfit,Sun
2025-10-20,50,0.0,,100,7,39,7890,11.4,0.7,6.1,6.0,52.4,4.8,41.5,with_crossfit,Mon
2025-10-21,51,0.0,,86,5,36,15698,9.7,,0.0,6.4,65.6,3.4,34.4,with_crossfit,Tue
2025-10-22,50,0.0,,91,10,34,7542,11.8,2.2,18.5,5.3,45.1,4.3,36.5,with_crossfit,Wed
2025-10-23,55,0.0,,86,9,36,8811,10.5,1.1,10.8,5.4,51.6,3.9,37.5,with_crossfit,Thu
2025-10-24,58,0.0,,83,12,43,6532,,,,,,,,with_crossfit,Fri
2025-10-25,52,0.0,,87,5,42,14961,8.8,1.6,18.7,3.3,37.5,3.9,43.6,with_crossfit,Sat
2025-10-26,54,0.0,,95,24,34,2806,12.2,1.7,14.1,6.7,55.4,3.7,30.5,with_crossfit,Sun
2025-10-27,51,0.0,,95,8,39,7830,8.9,1.5,16.4,5.3,59.3,2.2,24.3,with_crossfit,Mon
2025-10-28,52,0.0,,72,18,26,2947,10.4,0.4,3.7,8.1,78.3,1.9,18.0,with_crossfit,Tue
2025-10-29,53,0.0,,95,7,40,7934,9.7,0.5,4.8,6.1,63.6,3.0,31.6,with_crossfit,Wed
2025-10-30,55,0.0,,65,5,39,13846,11.0,2.4,21.8,5.8,53.0,2.8,25.3,with_crossfit,Thu
2025-10-31,52,0.0,,90,16,33,5753,9.7,1.3,13.2,5.1,52.7,3.3,34.0,with_crossfit,Fri
2025-11-01,57,93.4,144,80,5,64,12299,,,,,,,,with_crossfit,Sat
2025-11-02,48,76.4,145,86,5,41,4793,9.8,1.4,14.5,6.3,64.1,2.1,21.4,with_crossfit,Sun
2025-11-03,50,88.4,156,87,5,41,10647,9.9,,0.0,7.5,75.7,2.4,24.3,with_crossfit,Mon
2025-11-04,54,87.0,186,48,5,50,12555,8.5,0.6,6.5,6.5,76.3,1.5,17.2,with_crossfit,Tue
2025-11-05,56,79.8,141,82,5,41,6410,8.4,,0.0,5.0,59.7,3.4,40.3,with_crossfit,Wed
2025-11-06,52,76.9,147,70,10,40,5552,10.9,0.7,6.1,7.5,69.1,2.7,24.8,with_crossfit,Thu
2025-11-07,54,74.6,115,81,6,40,5929,9.8,1.2,12.5,5.3,53.7,3.3,33.7,with_crossfit,Fri
2025-11-08,52,75.2,130,78,10,39,7200,7.7,1.6,21.2,3.7,47.8,2.4,31.0,with_crossfit,Sat
2025-11-09,53,77.5,137,86,8,45,3608,10.2,2.5,24.1,5.7,56.1,2.0,19.8,with_crossfit,Sun
2025-11-10,48,77.5,144,91,9,52,3779,,,,,,,,with_crossfit,Mon
2025-11-11,57,85.5,119,21,5,71,702,10.3,1.0,10.0,7.8,75.9,1.4,14.1,with_crossfit,Tue
2025-11-12,57,82.6,128,7,5,51,702,9.3,1.0,10.5,7.3,79.5,0.9,10.1,with_crossfit,Wed
2025-11-13,57,85.0,125,51,5,40,7831,11.0,1.1,9.9,7.6,69.3,2.3,20.8,with_crossfit,Thu
2025-11-14,57,77.6,123,63,5,38,8803,9.3,1.3,14.1,5.8,62.5,2.2,23.4,with_crossfit,Fri
2025-11-15,45,73.3,153,93,13,35,10090,9.4,1.3,13.7,3.8,40.4,4.3,45.9,with_crossfit,Sat
2025-11-16,44,63.7,123,100,32,25,5387,10.5,0.9,8.8,4.3,40.9,5.3,50.3,with_crossfit,Sun
2025-11-17,40,64.0,126,100,21,29,3602,11.1,1.3,11.3,5.0,44.7,4.9,44.0,with_crossfit,Mon
2025-11-18,45,75.7,188,98,5,41,11482,11.3,1.2,10.9,7.3,64.5,2.8,24.6,with_crossfit,Tue
2025-11-19,50,70.2,118,78,8,34,3289,10.7,1.4,13.5,5.8,54.5,3.4,32.1,with_crossfit,Wed
2025-11-20,48,76.6,118,100,8,45,5197,7.7,0.9,12.1,4.1,53.4,2.7,34.5,with_crossfit,Thu
2025-11-21,49,81.2,119,75,7,52,8829,,,,,,,,with_crossfit,Fri
2025-11-22,44,73.4,184,100,10,29,12984,9.9,0.3,2.5,5.7,57.7,3.9,39.7,with_crossfit,Sat
2025-11-23,44,70.2,125,99,14,32,4786,9.7,0.8,7.9,4.5,46.1,4.5,46.0,with_crossfit,Sun
2025-11-24,47,75.9,148,96,6,42,4272,10.1,1.1,10.6,4.8,47.6,4.2,41.8,with_crossfit,Mon
2025-11-25,50,74.5,143,88,9,37,4675,9.2,0.4,4.6,4.2,45.4,4.6,50.1,with_crossfit,Tue
2025-11-26,51,80.7,139,80,10,34,6876,10.5,0.7,6.3,5.9,55.9,4.0,37.7,with_crossfit,Wed
2025-11-27,48,81.7,190,88,11,39,11027,8.6,1.4,15.7,5.8,67.1,1.5,17.2,with_crossfit,Thu
2025-11-28,49,64.4,107,75,21,26,1579,11.9,1.7,14.6,7.3,61.2,2.9,24.3,with_crossfit,Fri
2025-11-29,45,71.9,118,100,14,34,4343,10.9,1.3,12.0,6.2,57.2,3.4,30.8,with_crossfit,Sat
2025-11-30,43,79.6,117,62,6,55,2864,,,,,,,,with_crossfit,Sun
2025-12-01,47,73.7,138,97,12,32,5334,9.6,0.4,4.2,5.9,61.3,3.3,34.5,with_crossfit,Mon
2025-12-02,44,71.9,134,100,11,35,5349,10.0,0.3,2.8,6.3,62.6,3.5,34.6,with_crossfit,Tue
2025-12-03,48,74.3,136,84,7,40,4893,11.0,1.5,13.5,6.7,61.3,2.8,25.2,with_crossfit,Wed
2025-12-04,47,80.6,142,93,5,35,8848,11.8,0.1,0.8,7.0,59.3,4.7,39.8,with_crossfit,Thu
2025-12-05,47,80.7,153,83,5,44,7754,10.1,0.2,2.3,5.3,52.9,4.5,44.8,with_crossfit,Fri
2025-12-06,53,79.1,136,55,5,47,5956,8.0,1.1,13.2,5.7,71.1,1.3,15.7,with_crossfit,Sat
2025-12-07,50,78.6,126,75,7,46,4323,9.9,,0.0,5.8,58.2,4.2,41.8,with_crossfit,Sun
2025-12-08,50,81.9,187,80,5,46,8990,10.7,1.4,13.1,5.3,49.7,4.0,37.2,with_crossfit,Mon
2025-12-09,52,77.4,136,73,5,44,5048,10.8,0.9,8.4,5.0,46.3,4.9,45.4,with_crossfit,Tue
2025-12-10,51,57.9,67,72,19,14,19,7.6,0.7,9.7,3.3,43.5,3.5,46.8,with_crossfit,Wed
2025-12-11,,0.0,,,,-2,,,,,,,,,with_crossfit,Thu
2025-12-12,,0.0,,,,-1,,,,,,,,,with_crossfit,Fri
2025-12-13,62,78.8,116,92,5,58,3349,,,,,,,,with_crossfit,Sat
2025-12-14,49,72.5,119,70,5,39,5753,10.0,1.7,16.7,5.7,57.0,2.6,26.3,with_crossfit,Sun
2025-12-15,47,72.6,152,93,11,37,4636,10.4,1.7,16.7,4.9,47.3,3.7,36.0,with_crossfit,Mon
2025-12-16,50,80.1,169,84,5,37,11133,10.8,1.8,16.6,6.3,58.8,2.6,24.7,with_crossfit,Tue
2025-12-17,44,74.3,124,100,7,38,7889,10.5,1.0,9.2,4.7,44.8,4.8,46.0,with_crossfit,Wed
2025-12-18,42,69.6,119,90,13,35,6961,10.6,0.4,3.9,5.5,51.8,4.7,44.3,with_crossfit,Thu
2025-12-19,47,71.9,120,100,10,40,4521,10.6,0.3,2.8,6.2,58.2,4.1,38.8,with_crossfit,Fri
2025-12-20,45,75.8,167,87,5,42,9064,9.8,1.5,15.0,4.0,41.0,4.3,44.0,with_crossfit,Sat
2025-12-21,50,73.4,114,69,5,45,3226,12.0,0.8,7.0,7.5,62.3,3.7,30.7,with_crossfit,Sun
2025-12-22,50,82.9,184,62,5,52,8275,10.0,1.3,13.3,6.0,59.5,2.7,27.2,with_crossfit,Mon
2025-12-23,50,83.3,168,51,5,55,5744,8.7,1.7,19.7,4.0,46.1,3.0,34.2,with_crossfit,Tue
2025-12-24,51,83.5,126,28,5,45,11020,6.5,1.4,21.4,4.6,69.9,0.6,8.7,with_crossfit,Wed
2025-12-25,51,76.9,123,90,5,29,4719,8.3,0.4,5.0,5.5,66.6,2.4,28.4,with_crossfit,Thu
2025-12-26,52,80.0,131,98,26,33,6724,11.8,2.1,18.2,6.5,55.4,3.1,26.3,with_crossfit,Fri
2025-12-27,55,87.2,136,75,11,42,10691,,,,,,,,with_crossfit,Sat
2025-12-28,52,79.9,116,94,16,41,4053,7.5,1.0,13.7,4.5,60.0,2.0,26.3,with_crossfit,Sun
2025-12-29,51,72.8,118,100,21,33,3442,12.6,2.0,16.3,4.0,31.9,6.5,51.8,with_crossfit,Mon
2025-12-30,46,65.1,113,100,24,24,2208,12.4,1.8,14.6,6.0,48.7,4.5,36.8,with_crossfit,Tue
2025-12-31,54,82.1,184,90,7,35,10205,10.9,2.5,23.4,5.2,47.9,3.1,28.6,with_crossfit,Wed
2026-01-01,49,71.0,140,92,26,25,2702,11.3,0.9,7.8,7.8,68.6,2.7,23.6,with_crossfit,Thu
2026-01-02,53,68.8,110,100,26,28,3177,11.8,0.9,7.9,6.5,55.1,4.4,37.0,with_crossfit,Fri
2026-01-03,49,83.3,187,84,5,42,12270,6.4,,0.0,3.8,59.9,2.5,40.1,with_crossfit,Sat
2026-01-04,54,74.2,120,69,13,38,4130,8.7,0.1,1.3,5.0,57.6,3.6,41.1,with_crossfit,Sun
2026-01-05,51,71.1,104,74,20,35,2941,11.6,0.5,4.0,7.2,62.1,3.9,33.9,with_crossfit,Mon
2026-01-06,51,77.8,129,100,5,45,4358,9.4,0.2,1.9,5.5,58.9,3.7,39.1,with_crossfit,Tue
2026-01-07,50,81.3,183,78,11,34,8857,10.5,0.1,0.5,5.0,48.1,5.4,51.4,with_crossfit,Wed
2026-01-08,44,60.6,91,100,31,18,810,9.5,0.1,1.6,4.9,51.8,4.4,46.6,with_crossfit,Thu
2026-01-09,41,60.8,104,100,40,25,1056,11.0,1.0,9.0,5.3,47.9,4.7,43.2,with_crossfit,Fri
2026-01-10,43,72.6,123,100,8,38,5795,9.0,,0.0,5.8,63.8,3.3,36.2,with_crossfit,Sat
2026-01-11,48,69.3,118,92,14,35,3908,10.2,,0.0,5.8,56.5,4.5,43.5,with_crossfit,Sun
2026-01-12,49,79.7,128,99,5,41,8201,9.1,0.5,5.9,5.3,58.5,3.2,35.7,with_crossfit,Mon
2026-01-13,46,80.5,171,69,5,45,6481,9.4,1.3,14.2,4.7,49.6,3.4,36.2,with_crossfit,Tue
2026-01-14,46,72.3,118,82,10,40,4405,11.2,0.3,3.1,5.8,52.4,5.0,44.5,with_crossfit,Wed
2026-01-15,47,73.7,172,96,11,37,4386,9.8,,0.0,4.8,49.6,4.9,50.4,with_crossfit,Thu
2026-01-16,46,78.0,165,96,7,43,6313,9.3,1.4,14.4,4.7,50.4,3.3,35.1,with_crossfit,Fri
2026-01-17,50,88.1,176,79,5,62,5044,,,,,,,,with_crossfit,Sat
2026-01-18,47,73.9,133,89,10,40,3587,9.2,,0.0,5.7,61.6,3.5,38.4,with_crossfit,Sun
2026-01-19,51,73.0,121,90,14,43,2552,10.5,0.3,2.8,6.2,58.9,4.0,38.3,with_crossfit,Mon
2026-01-20,48,81.5,139,81,5,47,7422,9.7,1.9,19.3,5.0,51.4,2.9,29.3,with_crossfit,Tue
2026-01-21,52,88.4,185,33,5,51,15957,10.3,1.4,13.9,6.1,58.9,2.8,27.3,with_crossfit,Wed
2026-01-22,53,79.9,152,70,5,42,7018,9.3,0.1,1.1,5.7,61.0,3.5,38.0,with_crossfit,Thu
2026-01-23,54,77.4,119,63,5,37,7668,8.1,0.1,0.6,5.3,65.8,2.7,33.6,with_crossfit,Fri
2026-01-24,52,76.3,116,67,7,38,5888,7.1,0.8,11.7,4.3,60.2,2.0,28.1,with_crossfit,Sat
2026-01-25,45,70.7,119,93,14,37,2714,12.8,0.4,3.2,8.9,69.4,3.5,27.4,with_crossfit,Sun
2026-01-26,52,62.9,111,87,20,20,950,9.3,0.5,5.7,6.4,68.3,2.4,26.0,with_crossfit,Mon
2026-01-27,55,97.4,175,20,5,75,5046,,,,,,,,with_crossfit,Tue
2026-01-28,56,83.5,150,31,5,53,6387,10.6,1.8,16.5,6.0,56.7,2.8,26.8,with_crossfit,Wed
2026-01-29,54,76.7,131,54,5,38,5131,8.7,0.9,10.9,5.3,60.6,2.5,28.5,with_crossfit,Thu
2026-01-30,50,78.7,159,83,5,48,4420,12.4,0.4,3.5,7.1,57.7,4.8,38.8,with_crossfit,Fri
2026-01-31,56,86.0,121,39,5,53,4566,10.3,0.2,1.6,7.8,76.3,2.3,22.1,with_crossfit,Sat
2026-02-01,53,78.1,127,75,5,44,5611,8.5,0.7,8.0,4.9,57.7,2.9,34.2,with_crossfit,Sun
2026-02-02,53,81.4,163,65,5,47,6408,8.4,0.4,4.8,5.7,67.6,2.3,27.6,with_crossfit,Mon
2026-02-03,55,76.9,115,67,5,43,4527,8.8,,0.0,5.0,57.4,3.8,42.6,with_crossfit,Tue
2026-02-04,51,67.5,108,69,29,30,1669,10.3,1.0,9.9,6.0,57.9,3.3,32.3,with_crossfit,Wed
2026-02-05,56,79.2,156,90,5,44,4412,11.6,2.2,19.3,6.6,57.0,2.7,23.7,with_crossfit,Thu
2026-02-06,57,93.3,172,59,5,63,9915,,,,,,,,with_crossfit,Fri
2026-02-07,56,73.6,113,61,10,39,3332,10.7,1.3,12.2,6.7,62.8,2.7,25.0,with_crossfit,Sat
2026-02-08,55,74.5,120,70,15,41,3351,10.7,0.4,4.0,7.4,68.8,2.9,27.1,with_crossfit,Sun
2026-02-09,56,83.7,133,63,5,50,7149,12.7,2.1,16.6,8.3,65.7,2.3,17.7,with_crossfit,Mon
2026-02-10,57,76.4,110,52,8,41,2088,3.4,0.3,8.4,3.1,91.6,,0.0,with_crossfit,Tue
2026-02-11,47,79.7,152,100,5,42,6481,10.3,1.0,9.8,5.0,48.5,4.3,41.7,with_crossfit,Wed
2026-02-12,54,76.5,150,75,7,39,5803,8.9,0.9,10.4,5.5,62.0,2.5,27.6,with_crossfit,Thu
2026-02-13,51,79.0,123,76,5,53,6135,8.6,1.2,14.0,3.9,45.4,3.5,40.6,with_crossfit,Fri
2026-02-14,54,77.8,172,69,6,42,6651,8.6,,0.0,5.5,64.8,3.0,35.2,with_crossfit,Sat
2026-02-15,53,72.9,131,85,15,35,6336,11.4,1.8,16.1,7.0,61.8,2.5,22.2,with_crossfit,Sun
2026-02-16,51,82.2,183,79,5,47,8314,9.5,1.1,11.1,5.0,53.0,3.4,36.0,with_crossfit,Mon
2026-02-17,55,82.5,190,64,5,46,6539,9.5,0.6,6.5,4.6,48.5,4.3,45.0,with_crossfit,Tue
2026-02-18,51,64.3,77,71,32,21,,,,,,,,,without_crossfit,Wed
2026-02-19,57,94.8,108,40,7,67,5588,,,,,,,,without_crossfit,Thu
2026-02-20,53,70.3,110,82,7,34,4319,7.2,0.4,5.8,4.8,66.5,2.0,27.7,without_crossfit,Fri
2026-02-21,48,77.4,123,100,6,38,7048,8.2,1.0,12.2,4.9,59.3,2.3,28.5,without_crossfit,Sat
2026-02-22,48,76.8,123,82,5,50,9428,8.9,0.4,4.9,4.9,55.2,3.6,39.9,without_crossfit,Sun
2026-02-23,55,89.3,145,48,5,57,15213,6.9,0.8,12.3,3.3,47.2,2.8,40.4,without_crossfit,Mon
2026-02-24,56,87.6,179,52,5,49,14997,9.7,2.4,24.5,5.5,56.1,1.9,19.4,without_crossfit,Tue
2026-02-25,57,95.2,186,37,5,49,27351,7.5,1.4,17.9,4.3,57.7,1.8,24.3,without_crossfit,Wed
2026-02-26,55,85.8,171,58,5,33,10662,7.9,0.9,11.0,3.8,47.8,3.3,41.2,without_crossfit,Thu
2026-02-27,,0.0,,,,,,,,,,,,,without_crossfit,Fri
2026-02-28,,0.0,,,,,,,,,,,,,without_crossfit,Sat
2026-03-01,,0.0,,,,,,,,,,,,,without_crossfit,Sun
2026-03-02,,0.0,,,,,,,,,,,,,without_crossfit,Mon
2026-03-03,57,82.2,109,16,5,48,4948,,,,,,,,without_crossfit,Tue
2026-03-04,51,75.4,113,72,6,35,8374,9.6,1.6,16.5,5.1,53.0,2.9,30.5,without_crossfit,Wed
2026-03-05,51,71.2,125,78,14,34,5258,9.6,0.9,9.8,6.0,62.7,2.6,27.5,without_crossfit,Thu
2026-03-06,50,66.6,114,90,32,27,3649,9.8,0.7,7.0,7.0,70.8,2.2,22.2,without_crossfit,Fri
2026-03-07,55,81.4,125,78,5,67,453,11.3,1.6,14.1,6.7,58.8,3.1,27.1,without_crossfit,Sat
2026-03-08,57,79.6,103,23,6,58,95,,,,,,,,without_crossfit,Sun
2026-03-09,58,84.1,121,25,5,42,9336,,,,,,,,without_crossfit,Mon
2026-03-10,53,78.0,120,56,5,36,7160,8.5,1.8,21.3,5.2,61.8,1.4,16.9,without_crossfit,Tue
2026-03-11,45,61.4,111,100,5,20,2896,10.3,1.4,14.0,4.4,43.3,4.4,42.8,without_crossfit,Wed
2026-03-12,46,58.5,94,100,50,22,903,10.5,1.8,17.0,5.9,55.9,2.9,27.1,without_crossfit,Thu
